Company,Employee Name,Position
AlphaSystems,John Smith,Data Scientist
NextGen,Jane Doe,Systems Analyst
TechCorp,Michael Johnson,Project Manager
AlphaSystems,Emily Davis,Systems Analyst
NextGen,David Brown,QA Engineer
Innovatech,Linda Wilson,Software Engineer
AlphaSystems,Robert Jones,Software Engineer
Innovatech,Patricia Taylor,Systems Analyst
Innovatech,James White,Systems Analyst
AlphaSystems,Barbara Thomas,Systems Analyst
NextGen,Daniel Harris,Data Scientist
DevSolutions,Mary Martin,QA Engineer
NextGen,Christopher Lewis,Data Scientist
AlphaSystems,Karen Young,Data Scientist
AlphaSystems,Steven King,Data Scientist
DevSolutions,Susan Hall,QA Engineer
DevSolutions,Kevin Allen,UX Designer
Innovatech,Elizabeth Wright,UX Designer
NextGen,Brian Scott,Software Engineer
DevSolutions,Nancy Green,Data Scientist
NextGen,Paul Adams,Software Engineer
AlphaSystems,Lisa Baker,Data Scientist
Innovatech,Mark Nelson,QA Engineer
TechCorp,Sandra Hill,Systems Analyst
TechCorp,George Roberts,Data Scientist
DevSolutions,Betty Carter,QA Engineer
AlphaSystems,Edward Phillips,Data Scientist
TechCorp,Helen Mitchell,QA Engineer
DevSolutions,Donald Campbell,Software Engineer
NextGen,Ruth Parker,UX Designer
NextGen,Charles Evans,UX Designer
DevSolutions,Sharon Edwards,UX Designer
AlphaSystems,Kenneth Turner,Project Manager
NextGen,Dorothy Collins,UX Designer
AlphaSystems,Matthew Stewart,QA Engineer
TechCorp,Kimberly Sanchez,UX Designer
Innovatech,Joseph Hughes,UX Designer
Innovatech,Deborah Price,UX Designer
TechCorp,Larry Murphy,Data Scientist
DevSolutions,Brenda Reed,Software Engineer
TechCorp,Jeffrey Howard,QA Engineer
NextGen,Laura Rogers,Data Scientist
TechCorp,Frank Butler,Data Scientist
NextGen,Catherine Simmons,Project Manager
TechCorp,Gregory Bryant,Systems Analyst
Innovatech,Shirley Foster,Systems Analyst
AlphaSystems,Raymond Fisher,Systems Analyst
TechCorp,Anna Henderson,Software Engineer
DevSolutions,Dennis Ward,QA Engineer
TechCorp,Margaret Russell,QA Engineer
